<?xml version="1.0" encoding="utf-8"?>
<DevInfor>
<SinaWeibo Enable="false" />
<TencentWeibo Enable="false" />
<Douban Enable="false" />
<QZone Enable="false" />
<Renren Enable="false" />
<KaiXin Enable="false" />
<Facebook Enable="false" />
<Twitter Enable="false" />
<Evernote Enable="false" />
<FourSquare Enable="false" />
<GooglePlus Enable="false" />
<Instagram Enable="false" />
<LinkedIn Enable="false" />
<Tumblr Enable="false" />
<Email Enable="false" />
<ShortMessage Enable="false" />
<Wechat Id="4" SortId="4" AppId="wxced57ff776d0a774" AppSecret="3185026e7559b753266b3674d8cf0832" BypassApproval="false" Enable="true" />
<WechatMoments Id="5" SortId="5" AppId="wxced57ff776d0a774" AppSecret="3185026e7559b753266b3674d8cf0832" BypassApproval="false" Enable="true" />
<QQ Enable="false" />
<Instapaper Enable="false" />
<Pocket Enable="false" />
<YouDao Enable="false" />
<Pinterest Enable="false" />
<Flickr Enable="false" />
<Dropbox Enable="false" />
<VKontakte Enable="false" />
<WechatFavorite Id="6" SortId="6" AppId="wxced57ff776d0a774" AppSecret="3185026e7559b753266b3674d8cf0832" BypassApproval="false" Enable="true" />
<Yixin Enable="false" />
<YixinMoments Enable="false" />
<Mingdao Enable="false" />
<Line Enable="false" />
<WhatsApp Enable="false" />
<KakaoTalk Enable="false" />
<KakaoStory Enable="false" />
<FacebookMessenger Enable="false" />
<Alipay Enable="false" />
<AlipayMoments Enable="false" />
<Dingding Enable="false" />
<Youtube Enable="false" />
<Meipai Enable="false" />
<Telegram Enable="false" />
<Cmcc Enable="false" />
<Reddit Enable="false" />
<Telecom Enable="false" />
<Accountkit Enable="false" />
<Douyin Enable="false" />
<Wework Enable="false" />
<HWAccount Enable="false" />
</DevInfor>